206	constructor
247	up
248	toast
251	componentDidMount
258	supIcon
262	siteIcon
266	truckIcon
268	initLeaflet
289	updateLeaflet
299	fitMap
340	distBand
344	CITY_KM
345	outOfCity
346	reqEmoji
352	approvedUnitsFor
355	supAvail
361	supRoundIcon
424	machinePhoto
431	eqReadinessRow
445	unitModel
447	unitDocChips
448	machineArt
454	unitIcon
498	ghostIcon
506	supTip
518	ensureRings
540	layoutBids
727	unitTip
740	allBids
743	bidsFor
751	distBands
752	setDistBand
754	bandCount
755	sortedBids
758	curSup
759	curYard
760	selectSup
776	backToBidsFit
777	backToBids
781	setBidSort
782	animateTruck
785	componentDidUpdate
790	measureTour
793	startTour
794	tourNext
795	tourPrev
796	finishTour
797	openDrawer
800	dismissNotifQuiet
801	closeDrawer
802	toggleDrawerMax
803	zoom
804	zoomReset
807	curUnit
811	rateLineTotal
812	posTotal
813	copyPos
814	supPos
815	myLastRound
816	supHasCountered
817	roundNo
818	currentAsk
819	docResolved
822	minYear
823	eqSummary
840	eqNeeds
841	fitGateOpen
842	trustOpenCount
843	commOpenCount
844	allDone
845	checklist
851	progress
852	recomputeStage
859	narrate
865	normDigits
866	classifyMsg
871	aiChip
876	aiRun
884	aiAct
887	aiDismiss
888	chatMiddleware
898	inAppCall
899	chSend
900	chSuggest
901	toggleAtt
902	attSend
909	simSupplierMedia
914	askAvailability
919	askProof
920	deferDoc
926	acceptFit
928	requestEligible
931	pickUnit
938	resetPaperState
939	openQuote
940	closeQuote
941	goStep
942	onPrice
943	toggleRow
944	setMode
945	setFreq
946	onDuration
947	onPay
948	payState
949	payDecided
950	priceDiffNow
952	negotiableTerms
953	termSections
959	secDone
960	initTermSec
961	toggleTermSec
962	maybeAdvanceSection
964	legendDot
965	termChip
969	termItemCard
985	termSectionCard
995	catGroups
996	catHead
1002	typeBadge
1003	enTag
1004	pendTerm
1005	acceptAllTerms
1006	toggleTermAlt
1007	clearTermPending
1008	qsTermCard
1051	setQty
1058	openUnitPick
1067	pickedCount
1071	pickedSerialsLabel
1078	togglePick
1083	rUnitPickModal
1111	setOp
1112	resetPriceOnScope
1114	submitResponse
1125	acceptPrice
1127	acceptTerm
1128	counterTerm
1129	approveDeal
1133	supplierConfirm
1135	supplierCounter
1147	supComputeCounter
1152	supPushCounter
1161	openSupplierView
1166	closeSupplierView
1167	onSupDraft
1168	supToggle
1169	supConfirmFromView
1170	supAcceptFromView
1171	supSetTerm
1172	supSendCounterFromView
1177	supplierAcceptPrice
1181	simulate
1186	canSimulate
1189	setEntry
1194	applyEntryTo
1201	setItemsMode
1202	buildMulti
1208	switchItem
1209	reqLabel
1210	reset
1213	guide
1225	phaseChip
1236	openAgree
1237	closeAgree
1238	openSupplier
1239	closeSupplier
1240	reopenTerm
1241	modalShell
1249	rAgreeModal
1250	rSupplierModal
1251	supTermCard
1265	rSupplierViewModal
1340	rSupplierChip
1356	rRoundsLog
1367	railShell
1369	railBtn
1382	rRail
1416	rDistFilter
1433	rBidsPanel
1509	rColourKey
1531	rBidsBar
1554	rDrawer
1604	rTour
1626	scheduleResponse
1627	simulateResponse
1662	simNewBid
1681	notifyBid
1693	logArrival
1696	pendingArrivals
1697	latestArrival
1698	clearArrivalsFor
1704	arrivalKindLabel
1705	bubbleArrival
1706	hideBubble
1707	rChatBubble
1734	openArrival
1742	revealBid
1755	notifyChat
1767	simSupplierChat
1771	notify
1773	dismissNotif
1774	openChatFromNotif
1775	rNotif
1795	rToast
1800	renderVals
1830	rRequest
1840	rTopActions
1848	rChecklist
1864	rSupplierMini
1873	rModeToggle
1882	rCaseToggle
1908	rDevBar
1923	rItemStrip
1946	rMapLayer
1975	guideFocusPanel
1976	effectivePanel
1977	rRouteSummary
1990	pSubmission
2054	offBreakdown
2059	rOffPriceBar
2110	subQuality
2144	rSubDonut
2154	rSubBar
2164	rSubmissionModal
2270	pOffEquip
2328	rPanel
2341	card
2342	h4
2347	hasVatTag
2348	stripVatTag
2349	isOff
2350	offSub
2351	curUnitRec
2355	unitReadiness
2363	levelsLabel
2370	rLevels
2385	bandColor
2386	bandLabel
2389	unitPhotoCount
2394	unitMatchPct
2398	rUnitPhotos
2408	rUnitSummaryCard
2433	askSwap
2435	rUnitSwitch
2451	composeRequest
2460	sendPendingCard
2469	missingDocsFor
2474	availabilityExplainer
2491	unitsWord
2492	rOfferSummary
2539	rNoMachines
2562	rEquipCards
2608	rEquipPanel
2663	rPanelTabsUnused
2678	rMachineHeader
2696	rMachineTabs
2706	pEquip
2716	pEquipFit
2742	rFitActions
2764	askAnotherOfType
2770	btn
2771	btnGhost
2774	vfEquipDocs
2794	vfCompanyDocs
2802	vfAttention
2804	docKey
2805	docSelected
2806	toggleDoc
2808	docSelCount
2809	toggleAllDocs
2812	rDocSelectBar
2823	docDownload
2828	dlPick
2830	rDlAsk
2840	docRequest
2857	nextRef
2858	rDocActions
2866	requestOneDoc
2878	docConfirmSend
2885	composeDocRequest
2893	rDocConfirm
2910	rDocPanel
2936	pTermNeg
2960	pTerms
2983	pSupplier
3005	pAgree
3024	chatMsg
3053	rReplyCard
3071	supplierChatTabs
3076	rChatTabs
3088	unitByRef
3094	echoFor
3102	derivable
3105	cardState
3114	derivedState
3138	cardKindLabel
3142	rRequestCard
3171	rPendingCard
3174	pChat
3214	rScopeNote
3225	rPriceBar
3306	scrollPay
3309	wizSteps
3314	qsPay
3336	rQuoteSheet
3426	qpDesk
3436	rQuoteModal
3473	fulfillStepper
3479	ackRow
3489	qsAckTerms
3497	qsAgreedTerms
3505	qsSupplierRespond
3536	qsBody
3571	qtTripRow
3586	paySelect
3598	priceInputCell
3605	qsPaper
3654	qtyStepperCard
3666	qsPaperOld
3707	numInput
3708	stepBtn
3709	segBtn
3710	lineRow
3715	payPicker
3721	reviewRow
3722	qsFoot
3749	rOfferLine
3787	reqTypeWord
3789	rOfferSlots
3836	MAP_STYLES
3837	baseUrl
3842	setMapStyle
3846	rMapStyles
3847	rMapStylesUnused
3859	rChatDock
3880	rChatPop
3904	rHeadDeal
3954	eqYardGroups
3959	eqCard
4045	rVerifiedChip
4062	coDocsBody
4127	rCompanyPanel
4190	rEquipDetail
4275	eqViewer
4306	rDocModal
4325	eqTabs
4334	eqDocsTab
4418	eqEligibility
4452	unitMake
4453	eqSectionHead
4456	eqYardHead
4463	rEquipGroups
